{
    "customers": [
        {
            "id": "001",
            "name": "台北貿易行",
            "code": "C001",
            "number": "1234"
        },
        {
            "id": "002",
            "name": "台中鑫豐企業",
            "code": "C002",
            "number": "5678"
        },
        {
            "id": "003",
            "name": "高雄電工社",
            "code": "C003",
            "number": "9012"
        }
    ],
    "salespersons": [
        {
            "id": "S01",
            "name": "王小明"
        },
        {
            "id": "S02",
            "name": "陳美華"
        }
    ],
    "warehouses": [
        {
            "id": "W01",
            "name": "一號倉"
        },
        {
            "id": "W02",
            "name": "備品倉"
        },
        {
            "id": "W03",
            "name": "油品區"
        }
    ],
    "installers": [
        {
            "id": "001",
            "name": "安裝員 A"
        },
        {
            "id": "002",
            "name": "安裝員 B"
        },
        {
            "id": "003",
            "name": "安裝員 C"
        }
    ],
    "products": [
        {
            "id": "P001",
            "name": "柴油",
            "unit": "公升",
            "price": 32.5
        },
        {
            "id": "P002",
            "name": "齒輪油",
            "unit": "瓶",
            "price": 180
        },
        {
            "id": "P003",
            "name": "引擎潤滑油",
            "unit": "桶",
            "price": 1500
        }
    ]
}